Employee ID No,Full name,Category,Trade,Nationality,Position,Passport number,Emirates ID,Mobile number
M1001,Mohammed Rafiq,Site Staff,Mason,Pakistan,Mason,X7000000,784-1990-1000000-0,+971 50 555 0100
S1002,Abdul Karim,Site Staff,Steel Fixer,India,Steel Fixer,X7000137,784-1991-1007919-1,+971 50 555 0113
C1003,Sanjay Kumar,Site Staff,Carpenter,India,Carpenter,X7000274,784-1992-1015838-2,+971 50 555 0126
E1004,Ramesh Yadav,Site Staff,Electrician,India,Electrician,X7000411,784-1993-1023757-3,+971 50 555 0139
P1005,Imran Hussain,Site Staff,Plumber,Pakistan,Plumber,X7000548,784-1994-1031676-4,+971 50 555 0152
H1006,Bilal Ahmed,Site Staff,Helper,Pakistan,Helper,X7000685,784-1995-1039595-5,+971 50 555 0165
F1007,Suresh Patel,Site Staff,Scaffolder,India,Scaffolder,X7000822,784-1996-1047514-6,+971 50 555 0178
N1008,Naveed Iqbal,Site Staff,Painter,Pakistan,Painter,X7000959,784-1997-1055433-7,+971 50 555 0191
M1009,Rakesh Singh,Site Staff,Mason,India,Mason,X7001096,784-1998-1063352-8,+971 50 555 0204
S1010,Faisal Khan,Site Staff,Steel Fixer,Pakistan,Steel Fixer,X7001233,784-1999-1071271-9,+971 50 555 0217
C1011,Dilip Mandal,Site Staff,Carpenter,Bangladesh,Carpenter,X7001370,784-1990-1079190-0,+971 50 555 0230
E1012,Shahid Ali,Site Staff,Electrician,Pakistan,Electrician,X7001507,784-1991-1087109-1,+971 50 555 0243
P1013,Anwar Hossain,Site Staff,Plumber,Bangladesh,Plumber,X7001644,784-1992-1095028-2,+971 50 555 0256
H1014,Jabir Sheikh,Site Staff,Helper,Bangladesh,Helper,X7001781,784-1993-1102947-3,+971 50 555 0269
F1015,Manoj Thapa,Site Staff,Scaffolder,Nepal,Scaffolder,X7001918,784-1994-1110866-4,+971 50 555 0282
N1016,Gopal Reddy,Site Staff,Painter,India,Painter,X7002055,784-1995-1118785-5,+971 50 555 0295
M1017,Salman Raza,Site Staff,Mason,Pakistan,Mason,X7002192,784-1996-1126704-6,+971 50 555 0308
S1018,Kamal Uddin,Site Staff,Steel Fixer,Bangladesh,Steel Fixer,X7002329,784-1997-1134623-7,+971 50 555 0321
C1019,Prakash Nair,Site Staff,Carpenter,India,Carpenter,X7002466,784-1998-1142542-8,+971 50 555 0334
E1020,Yusuf Mia,Site Staff,Electrician,Bangladesh,Electrician,X7002603,784-1999-1150461-9,+971 50 555 0347
P1021,Arjun Das,Site Staff,Plumber,India,Plumber,X7002740,784-1990-1158380-0,+971 50 555 0360
H1022,Tariq Mehmood,Site Staff,Helper,Pakistan,Helper,X7002877,784-1991-1166299-1,+971 50 555 0373
F1023,Lokesh Gowda,Site Staff,Scaffolder,India,Scaffolder,X7003014,784-1992-1174218-2,+971 50 555 0386
N1024,Habib Rahman,Site Staff,Painter,Bangladesh,Painter,X7003151,784-1993-1182137-3,+971 50 555 0399
